Text,Label
Help me write a cover letter,Write
Help me read a cover letter,Read
Exit,Exit
Can you assist me with writing a cover letter?,Write
Could you help me draft a cover letter?,Write
Would you mind helping me create a cover letter?,Write
I need guidance in crafting a cover letter.,Write
Can you provide support in composing a cover letter?,Write
Could you offer your expertise in cover letter writing?,Write
I’d appreciate your assistance in preparing a cover letter.,Write
Please help me formulate a professional cover letter.,Write
I’m seeking help to construct an effective cover letter.,Write
Could you lend a hand with my cover letter?,Write
Can you help me out with my cover letter?,Write
Got any tips for writing a cover letter?,Write
Can you help me put together a cover letter?,Write
I need help pulling off a decent cover letter.,Write
Can you help me whip up a cover letter?,Write
How do I go about writing a cover letter? Can you help?,Write
Mind helping me sort out a cover letter?,Write
Could you help me figure out my cover letter?,Write
I could use some help writing a cover letter.,Write
Can you assist in getting my cover letter done?,Write
Could you provide insight into writing a cover letter?,Write
Can you mentor me in cover letter creation?,Write
I’m looking for help to develop a strong cover letter.,Write
Could you share your knowledge on drafting a cover letter?,Write
Can you collaborate with me to create a cover letter?,Write
Do you have advice on writing a standout cover letter?,Write
I’m in need of expert help for a cover letter.,Write
Can you guide me through the process of cover letter writing?,Write
Can we work together on creating my cover letter?,Write
I need professional input on a cover letter.,Write
Can you help me write a cover letter for a job application?,Write
I need help tailoring a cover letter for a specific role.,Write
Could you assist me in making a customized cover letter?,Write
Can you help me target my cover letter to this job?,Write
I need support crafting a personalized cover letter.,Write
How can I write a cover letter for this role? Can you help?,Write
Could you help me focus my cover letter on this position?,Write
Can you help me adapt a cover letter for a career change?,Write
I’d like your assistance in writing an entry-level cover letter.,Write
Can you help me create a cover letter for a senior role?,Write
Help me turn my ideas into a great cover letter!,Write
Can you help me sculpt the perfect cover letter?,Write
Could you help me breathe life into my cover letter?,Write
I need help crafting a masterpiece of a cover letter.,Write
Can you help shape my thoughts into a solid cover letter?,Write
I’d love help painting the perfect picture in my cover letter.,Write
Can you help me weave my story into a compelling cover letter?,Write
Help me translate my skills into a standout cover letter.,Write
Could you help me transform my resume into a compelling cover letter?,Write
Can you help me design a winning cover letter?,Write
I urgently need help writing a cover letter!,Write
Can you help me finish my cover letter quickly?,Write
I’m on a deadline—help me write a cover letter ASAP.,Write
"I need a cover letter, fast! Can you help?",Write
Help! I need to write a cover letter in a hurry.,Write
Can you help me meet my deadline with this cover letter?,Write
I have a job application due soon—can you help with the cover letter?,Write
I need to submit this cover letter today—please help!,Write
Could you assist me in rushing a cover letter?,Write
I’m short on time—help me polish my cover letter!,Write
I could use a little help with a cover letter.,Write
Do you have time to help me write a cover letter?,Write
Would you be willing to help me write a cover letter?,Write
"If you’re available, could you help me with a cover letter?",Write
I’d love your input on writing a cover letter.,Write
May I ask for your help in writing a cover letter?,Write
Could you review my draft and help me improve my cover letter?,Write
I’d value your thoughts on my cover letter.,Write
Can you guide me on how to start my cover letter?,Write
I’d appreciate it if you could help me with a cover letter.,Write
How can I improve my cover letter? Can you help?,Write
What’s the best way to write a cover letter? Can you assist me?,Write
Could you show me how to write a great cover letter?,Write
What should I include in a cover letter? Can you help?,Write
How do I structure a professional cover letter?,Write
Can you help answer my cover letter questions?,Write
Could you help me figure out what to say in my cover letter?,Write
Do you have any advice for writing a cover letter?,Write
What’s the best way to highlight my skills in a cover letter?,Write
Can you provide tips for starting my cover letter?,Write
Let’s write a cover letter together—can you help?,Write
Can we brainstorm ideas for my cover letter?,Write
Can you help me revise my cover letter draft?,Write
I’d like your feedback on my cover letter—can you help?,Write
Can you help me edit and refine my cover letter?,Write
Let’s collaborate on creating a cover letter.,Write
Could you proofread my cover letter and suggest improvements?,Write
I need a second pair of eyes on my cover letter—can you help?,Write
Can you help me finalize my cover letter?,Write
Could we workshop my cover letter together?,Write
I’m struggling with writing a cover letter—any suggestions?,Write
I need advice for writing a cover letter.,Write
Any tips for making my cover letter stand out?,Write
I could use some ideas for my cover letter—can you help?,Write
I’m not sure how to start my cover letter—any help?,Write
What’s your advice on writing a good cover letter?,Write
Can you help me avoid common mistakes in cover letter writing?,Write
I’m trying to make my cover letter perfect—any advice?,Write
I’d like to improve my cover letter—can you help me do that?,Write
I’m reworking my cover letter—can you guide me?,Write
Can you assist me in reading this cover letter?,Read
Could you help me review this cover letter?,Read
Would you mind helping me interpret this cover letter?,Read
I need guidance in understanding this cover letter.,Read
Can you provide support in analyzing this cover letter?,Read
Could you offer your expertise in evaluating this cover letter?,Read
I’d appreciate your assistance in reading this cover letter.,Read
Please help me understand the content of this cover letter.,Read
I’m seeking help to assess this cover letter.,Read
Could you lend a hand with reading this cover letter?,Read
Can you help me go over this cover letter?,Read
Mind helping me read through this cover letter?,Read
Got time to help me review this cover letter?,Read
Can you take a look at this cover letter with me?,Read
Could you help me figure out what this cover letter says?,Read
I need help making sense of this cover letter—can you assist?,Read
Do you mind helping me check this cover letter?,Read
Could you help me understand the tone of this cover letter?,Read
Can you help me interpret the wording in this cover letter?,Read
I’d like your thoughts on this cover letter—can you help?,Read
Could you provide insight into this cover letter?,Read
Can you offer a professional opinion on this cover letter?,Read
I’m looking for help to evaluate the effectiveness of this cover letter.,Read
Could you share your knowledge in reviewing cover letters?,Read
Can you help me analyze this cover letter's quality?,Read
Do you have advice on interpreting this cover letter?,Read
I’m seeking your expert help in reviewing this cover letter.,Read
Can you guide me in critiquing this cover letter?,Read
Can we go over this cover letter together?,Read
I need professional input on the readability of this cover letter.,Read
Can you help me review this cover letter for errors?,Read
I need help understanding the structure of this cover letter.,Read
Could you assist me in analyzing the tone of this cover letter?,Read
Can you help me identify improvements in this cover letter?,Read
I need support evaluating the language used in this cover letter.,Read
How do I critique this cover letter? Can you help?,Read
Could you help me focus on the key points in this cover letter?,Read
Can you help me determine the effectiveness of this cover letter?,Read
I’d like your feedback on the clarity of this cover letter.,Read
Can you help me assess this cover letter for specific details?,Read
Help me make sense of this cover letter!,Read
Can you help me unpack the meaning of this cover letter?,Read
Could you help me dig into the details of this cover letter?,Read
I need help deciphering this cover letter.,Read
Can you help me see the big picture in this cover letter?,Read
I’d love help understanding the flow of this cover letter.,Read
Can you help me decode the message in this cover letter?,Read
Help me translate the ideas in this cover letter into actionable feedback.,Read
Could you help me uncover the strengths and weaknesses in this cover letter?,Read
Can you help me navigate through this cover letter?,Read
I urgently need help reading this cover letter!,Read
Can you help me review this cover letter quickly?,Read
I’m on a deadline—help me analyze this cover letter ASAP.,Read
I need to understand this cover letter fast—can you help?,Read
Help! I need to assess this cover letter in a hurry.,Read
Can you help me finalize my thoughts on this cover letter right away?,Read
I have a decision to make soon—can you help me understand this cover letter?,Read
I need to provide feedback on this cover letter today—please help!,Read
Could you assist me in rushing through this cover letter?,Read
I’m short on time—help me go over this cover letter!,Read
I could use a little help reviewing this cover letter.,Read
Do you have time to help me assess this cover letter?,Read
Would you be willing to help me understand this cover letter?,Read
"If you’re available, could you help me with this cover letter?",Read
I’d love your thoughts on this cover letter.,Read
May I ask for your help in reading this cover letter?,Read
Could you review this cover letter and help me interpret it?,Read
I’d value your feedback on this cover letter.,Read
Can you guide me on how to assess this cover letter?,Read
I’d appreciate it if you could help me critique this cover letter.,Read
How can I better understand this cover letter? Can you help?,Read
What’s your take on this cover letter? Can you assist me?,Read
Could you explain the meaning behind this cover letter?,Read
What should I focus on when reading this cover letter?,Read
How do I interpret this cover letter's tone? Can you help?,Read
Can you help me answer my questions about this cover letter?,Read
Could you assist me in identifying the key points in this cover letter?,Read
Do you have any advice for reviewing this cover letter?,Read
What’s the best way to evaluate the content of this cover letter?,Read
Can you help me determine the intent of this cover letter?,Read
Let’s read through this cover letter together—can you help?,Read
Can we brainstorm insights from this cover letter?,Read
Can you help me critique this cover letter draft?,Read
I’d like your feedback—can we go over this cover letter together?,Read
Can you help me refine my analysis of this cover letter?,Read
Let’s collaborate on reviewing this cover letter.,Read
Could you proofread this cover letter and offer feedback?,Read
I need a second pair of eyes on this cover letter—can you help?,Read
Can you help me finalize my understanding of this cover letter?,Read
Could we workshop the ideas in this cover letter together?,Read
I’m struggling to make sense of this cover letter—any suggestions?,Read
I need advice for reading this cover letter.,Read
Any tips for analyzing this cover letter?,Read
I could use some ideas for understanding this cover letter—can you help?,Read
I’m not sure how to interpret this cover letter—any help?,Read
What’s your advice on reviewing a cover letter?,Read
Can you help me avoid common pitfalls in reading this cover letter?,Read
I’m trying to fully understand this cover letter—any advice?,Read
I’d like to improve my understanding of this cover letter—can you help me do that?,Read
I’m revisiting this cover letter—can you guide me through it?,Read
Close the app.,Exit
Exit now.,Exit
Quit the program.,Exit
Shut it down.,Exit
Log out.,Exit
Stop the process.,Exit
Kill the app.,Exit
Terminate.,Exit
End it.,Exit
Abort.,Exit
Close window.,Exit
Leave.,Exit
Sign off.,Exit
Ctrl + Q.,Exit
Log off.,Exit
Quit.,Exit
Back out.,Exit
Exit app.,Exit
End session.,Exit
Halt.,Exit
Wrap it up.,Exit
Shut it off.,Exit
Say goodbye to the app.,Exit
Time to close shop.,Exit
Done and dusted—close it!,Exit
Get out of here.,Exit
End the session gracefully.,Exit
Peace out of this program.,Exit
Pull the plug.,Exit
Time to leave this app.,Exit
Call it quits.,Exit
Close and move on.,Exit
Step away from the app.,Exit
Put the app to rest.,Exit
Finish up and close down.,Exit
Sign off from the interface.,Exit
Pack up the process.,Exit
Wave goodbye to the program.,Exit
Tap 'Close.',Exit
"Say, 'I’m out!'",Exit
Execute `exit();`.,Exit
Use `System.exit(0);`.,Exit
Return to the command prompt.,Exit
Save changes and exit.,Exit
Alt + F4 the application.,Exit
Commit changes and log out.,Exit
Gracefully terminate the program.,Exit
Stop execution.,Exit
Safely shut down the application.,Exit
Issue the `end` command.,Exit
Use the GUI’s 'Close' button.,Exit
Execute `quit()` in the console.,Exit
Exit with status code zero.,Exit
Send termination signal (SIGTERM).,Exit
Run the 'Stop' command.,Exit
Invoke the shutdown process.,Exit
Issue a user logout command.,Exit
"Commit your session, then leave.",Exit
Run the `halt` command.,Exit
Use Ctrl + C to interrupt and exit.,Exit
Take the first step toward freedom—close the program!,Exit
It's time to move on—shut the app and look ahead.,Exit
Say your goodbyes to the program and exit stage left.,Exit
Wrap things up with a tidy logout and a smile.,Exit
Relinquish your connection to the app and call it a day.,Exit
Let’s bid farewell to the app and gracefully close it.,Exit
The program served its purpose; now it’s time to end it.,Exit
"Hit the road, Jack, and don’t look back—quit the app!",Exit
"Take a deep breath, save your work, and press exit.",Exit
"When the work is done, it's only logical to say goodbye.",Exit
"Break up with the program—it’s not you, it’s it.",Exit
Peacefully release your grip on the app and move on.,Exit
Smash that 'Close' button like it owes you money!,Exit
"Let’s close this digital chapter, shall we?",Exit
Say 'bye-bye' to the code and click 'Quit.',Exit
Sneak out of the program without making a scene.,Exit
Bow out gracefully and leave the app behind.,Exit
Step into the real world by exiting this virtual one.,Exit
Gently press the 'X' and free yourself.,Exit
Conclude your interaction with a polite goodbye to the app.,Exit
Run `logout` if logged in via terminal.,Exit
"Save progress, then confirm exit.",Exit
Unmount any devices before closing the app.,Exit
Double-check backups before quitting.,Exit
Close all child windows before exiting the main program.,Exit
"Finish processing all tasks, then exit.",Exit
Validate that no unsaved changes remain before quitting.,Exit
"Disconnect from the database, then end the program.",Exit
Stop all threads and services before exiting.,Exit
Ensure that your work is saved before closing.,Exit
“Are you sure you want to exit?” Confirm exit.,Exit
“Session will end. Continue?” Proceed with logout.,Exit
“All unsaved work will be lost!” Acknowledge and quit.,Exit
“You’ve been idle. Logging off.” Auto-terminate session.,Exit
"“Shutting down in 5, 4, 3…” Countdown to quit.",Exit
“Exit confirmed. Thank you for using our program!” Friendly farewell.,Exit
“Thank you for visiting. See you next time!” Polite exit.,Exit
“Logging you out securely…” Professional close.,Exit
“Saving changes. Application shutting down.” Safe termination.,Exit
“Goodbye! Closing application.” Warm and inviting.,Exit
